id_jugador,nombre_completo
1,Arron Afflalo
2,Nikola Vučević
3,Jameer Nelson
4,Jason Maxiell
5,Maurice Harkless
6,E'Twaun Moore
7,Victor Oladipo
8,Andrew Nicholson
9,Kyle O'Quinn
10,Ronnie Price
11,Solomon Jones
12,Tobias Harris
13,Doron Lamb
14,Paul George
15,Lance Stephenson
16,David West
17,George Hill
18,Roy Hibbert
19,Luis Scola
20,C.J. Watson
21,Ian Mahinmi
22,Orlando Johnson
23,Solomon Hill
24,Rasual Butler
25,Chris Copeland
26,Donald Sloan
27,Derrick Rose
28,Carlos Boozer
29,Jimmy Butler
30,Luol Deng
31,Joakim Noah
32,Kirk Hinrich
33,Taj Gibson
34,Mike Dunleavy
35,Tony Snell
36,Nazr Mohammed
37,Mike James
38,Erik Murphy
39,Marquis Teague
40,LeBron James
41,Dwyane Wade
42,Chris Bosh
43,Mario Chalmers
44,Udonis Haslem
45,Ray Allen
46,Shane Battier
47,Norris Cole
48,Chris Andersen
49,Joel Anthony
50,Michael Beasley
51,James Jones
52,Rashard Lewis
53,Blake Griffin
54,Chris Paul
55,DeAndre Jordan
56,J.J. Redick
57,Jared Dudley
58,Matt Barnes
59,Jamal Crawford
60,Darren Collison
61,Ryan Hollins
62,Reggie Bullock
63,Willie Green
64,Antawn Jamison
65,Byron Mullens
66,Pau Gasol
67,Steve Blake
68,Nick Young
69,Steve Nash
70,Shawne Williams
71,Jordan Farmar
72,Xavier Henry
73,Jodie Meeks
74,Wesley Johnson
75,Chris Kaman
76,Jordan Hill
77,Ryan Kelly
78,Robert Sacre
79,Joe Johnson
80,Brook Lopez
81,Paul Pierce
82,Kevin Garnett
83,Deron Williams
84,Alan Anderson
85,Andray Blatche
86,Jason Terry
87,Reggie Evans
88,Shaun Livingston
89,Mason Plumlee
90,Tyshawn Taylor
91,Mirza Teletović
92,Tristan Thompson
93,Anderson Varejão
94,Kyrie Irving
95,Dion Waiters
96,Earl Clark
97,Jarrett Jack
98,Alonzo Gee
99,C.J. Miles
100,Anthony Bennett
101,Andrew Bynum
102,Tyler Zeller
103,Matthew Dellavedova
104,Henry Sims
105,Gerald Wallace
106,Jeff Green
107,Brandon Bass
108,Avery Bradley
109,Vítor Luiz Faverani
110,Kris Humphries
111,Jordan Crawford
112,Kelly Olynyk
113,Courtney Lee
114,Phil Pressey
115,Keith Bogans
116,MarShon Brooks
117,Jared Sullinger
118,DeMar DeRozan
119,Kyle Lowry
120,Rudy Gay
121,Jonas Valančiūnas
122,Amir Johnson
123,Tyler Hansbrough
124,Landry Fields
125,D.J. Augustin
126,Terrence Ross
127,Steve Novak
128,Dwight Buycks
129,Austin Daye
130,Julyan Stone
131,Roger Mason
132,Evan Turner
133,Michael Carter-Williams
134,James Anderson
135,Thaddeus Young
136,Spencer Hawes
137,Tony Wroten
138,Lavoy Allen
139,Daniel Orton
140,Darius Morris
141,Kwame Brown
142,Brandon Davies
143,Hollis Thompson
144,John Wall
145,Bradley Beal
146,Trevor Ariza
147,Nenê
148,Trevor Booker
149,Martell Webster
150,Al Harrington
151,Marcin Gortat
152,Eric Maynor
153,Garrett Temple
154,Kevin Séraphin
155,Glen Rice Jr.
156,Jan Veselý
157,Greg Monroe
158,Josh Smith
159,Will Bynum
160,Chauncey Billups
161,Andre Drummond
162,Kyle Singler
163,Kentavious Caldwell-Pope
164,Jonas Jerebko
165,Gigi Datome
166,Tony Mitchell
167,Peyton Siva
168,Josh Harrellson
169,Charlie Villanueva
170,O.J. Mayo
171,Caron Butler
172,Khris Middleton
173,Larry Sanders
174,Brandon Knight
175,Zaza Pachulia
176,Gary Neal
177,Nate Wolters
178,Ersan İlyasova
179,John Henson
180,Giannis Antetokounmpo
181,Miroslav Raduljica
182,Luke Ridnour
183,Carmelo Anthony
184,Pablo Prigioni
185,Raymond Felton
186,Iman Shumpert
187,Tyson Chandler
188,Metta World Peace
189,Andrea Bargnani
190,Tim Hardaway Jr.
191,Beno Udrih
192,Kenyon Martin
193,Cole Aldrich
194,J.R. Smith
195,Amar'e Stoudemire
196,Anthony Davis
197,Jrue Holiday
198,Eric Gordon
199,Al-Farouq Aminu
200,Jason Smith
201,Tyreke Evans
202,Arinze Onuaku
203,Greg Stiemsma
204,Brian Roberts
205,Anthony Morrow
206,Lance Thomas
207,Austin Rivers
208,Jeff Withey
209,Kevin Martin
210,Kevin Love
211,Ricky Rubio
212,Corey Brewer
213,Nikola Peković
214,Dante Cunningham
215,J.J. Barea
216,Alexey Shved
217,Ronny Turiaf
218,Gorgui Dieng
219,Robbie Hummel
220,Shabazz Muhammad
221,Derrick Williams
222,Kemba Walker
223,Gerald Henderson
224,Michael Kidd-Gilchrist
225,Al Jefferson
226,Josh McRoberts
227,Jeff Taylor
228,Ramon Sessions
229,Bismack Biyombo
230,Cody Zeller
231,Anthony Tolliver
232,Jeff Adrien
233,Ben Gordon
234,Jannero Pargo
235,Chandler Parsons
236,James Harden
237,Dwight Howard
238,Ömer Aşık
239,Patrick Beverley
240,Jeremy Lin
241,Francisco García
242,Omri Casspi
243,Aaron Brooks
244,Ronnie Brewer
245,Terrence Jones
246,Donatas Motiejūnas
247,Greg Smith
248,Marc Gasol
249,Tony Allen
250,Mike Conley
251,Zach Randolph
252,Tayshaun Prince
253,Mike Miller
254,Jerryd Bayless
255,Quincy Pondexter
256,Kosta Koufos
257,Jon Leuer
258,Ed Davis
259,Nick Calathes
260,Jamaal Franklin
261,Tony Parker
262,Kawhi Leonard
263,Tiago Splitter
264,Danny Green
265,Tim Duncan
266,Manu Ginóbili
267,Boris Diaw
268,Marco Belinelli
269,Patty Mills
270,Matt Bonner
271,Jeff Ayres
272,Aron Baynes
273,Cory Joseph
274,Paul Millsap
275,Kyle Korver
276,DeMarre Carroll
277,Jeff Teague
278,Al Horford
279,Dennis Schröder
280,Cartier Martin
281,Elton Brand
282,Pero Antić
283,Mike Scott
284,Shelvin Mack
285,Jared Cunningham
286,John Jenkins
287,Monta Ellis
288,José Calderón
289,Dirk Nowitzki
290,Shawn Marion
291,Samuel Dalembert
292,Vince Carter
293,DeJuan Blair
294,Wayne Ellington
295,Jae Crowder
296,Gal Mekel
297,Bernard James
298,Ricky Ledo
299,Kevin Durant
300,Serge Ibaka
301,Reggie Jackson
302,Thabo Sefolosha
303,Kendrick Perkins
304,Steven Adams
305,Jeremy Lamb
306,Derek Fisher
307,Nick Collison
308,Perry Jones
309,Ryan Gomes
310,Andre Roberson
311,Hasheem Thabeet
312,Derrick Favors
313,John Lucas III
314,Enes Freedom
315,Gordon Hayward
316,Richard Jefferson
317,Alec Burks
318,Rudy Gobert
319,Mike Harris
320,Jamaal Tinsley
321,Ian Clark
322,Brandon Rush
323,Marvin Williams
324,Damian Lillard
325,LaMarcus Aldridge
326,Nicolas Batum
327,Robin Lopez
328,Wesley Matthews
329,Mo Williams
330,Dorell Wright
331,Joel Freeland
332,Thomas Robinson
333,Will Barton
334,Victor Claver
335,Allen Crabbe
336,Meyers Leonard
337,Goran Dragić
338,Miles Plumlee
339,Eric Bledsoe
340,P.J. Tucker
341,Channing Frye
342,Marcus Morris
343,Gerald Green
344,Archie Goodwin
345,Alex Len
346,Dionte Christmas
347,Viacheslav Kravtsov
348,Markieff Morris
349,Ish Smith
350,Ty Lawson
351,J.J. Hickson
352,Randy Foye
353,Anthony Randolph
354,JaVale McGee
355,Andre Miller
356,Evan Fournier
357,Timofey Mozgov
358,Darrell Arthur
359,Nate Robinson
360,Kenneth Faried
361,Jordan Hamilton
362,Quincy Miller
363,DeMarcus Cousins
364,Greivis Vásquez
365,Marcus Thornton
366,Patrick Patterson
367,John Salmons
368,Isaiah Thomas
369,Ben McLemore
370,Jason Thompson
371,Chuck Hayes
372,Travis Outlaw
373,Jimmer Fredette
374,Luc Mbah a Moute
375,Hamady N'Diaye
376,Elias Harris
377,Klay Thompson
378,Andre Iguodala
379,David Lee
380,Stephen Curry
381,Andrew Bogut
382,Toney Douglas
383,Jermaine O'Neal
384,Marreese Speights
385,Draymond Green
386,Kent Bazemore
387,Ognjen Kuzmić
388,Nemanja Nedović
389,Harrison Barnes
390,Toure' Murry
391,James Southerland
392,Quincy Acy
393,Andrei Kirilenko
394,Rodney Stuckey
395,Nando De Colo
396,Sergey Karasev
397,Aaron Gray
398,Earl Watson
399,Brandon Jennings
400,Russell Westbrook
401,A.J. Price
402,Ray McCallum
403,Ekpe Udoh
404,Gustavo Ayón
405,Tornike Shengelia
406,Wilson Chandler
407,Lou Amundson
408,Josh Childress
409,Diante Garrett
410,Lou Williams
411,Carrick Felix
412,Chris Smith
413,Ryan Anderson
414,Shane Larkin
415,Dewayne Dedmon
416,Elliot Williams
417,Lorenzo Brown
418,Jeremy Evans
419,Trey Burke
420,Glen Davis
421,Chris Singleton
422,Darius Miller
423,Andris Biedriņš
424,Otto Porter Jr.
425,Kobe Bryant
426,Chris Douglas-Roberts
427,Stephen Jackson
428,Hilton Armstrong
429,Malcolm Thomas
430,Brandan Wright
431,James Johnson
432,Danny Granger
433,Kendall Marshall
434,Alexis Ajinça
435,Isaiah Canaan
436,Seth Curry
437,Arnett Moultrie
438,Maalik Wayns
439,Jeremy Tyler
440,CJ McCollum
441,Leandro Barbosa
442,Chase Budinger
443,James Nunnally
444,Carl Landry
445,Greg Oden
446,Rajon Rondo
447,Royal Ivey
448,Hedo Türkoğlu
449,Manny Harris
450,Chris Johnson
451,Robert Covington
452,Devin Harris
453,Vander Blue
454,Othyus Jeffers
455,Shannon Brown
456,Sasha Vujačić
457,Luke Babbitt
458,Jarvis Varnado
459,Festus Ezeli
460,Dexter Pittman
461,Jason Collins
462,Adonis Thomas
463,Drew Gooden
464,Chris Babb
465,Mike Muscala
466,Shavlik Randolph
467,DeAndre Liggins
468,Troy Daniels
469,Justin Hamilton
470,Reggie Williams
471,Jorge Gutiérrez
472,Shane Edwards
473,Darius Johnson-Odom
474,Chris Wright
475,Mustafa Shakur
476,Royce White
477,D.J. White
478,Jason Richardson
479,Casper Ware
480,D.J. Stephens
481,Scotty Hopson
482,Damion James
483,Willie Reed
484,Danilo Gallinari
485,Melvin Ely
486,Josh Powell
487,Elfrid Payton
488,Aaron Gordon
489,Devyn Marble
490,Kyle Anderson
491,Tarik Black
492,Kostas Papanikolaou
493,Joey Dorsey
494,Jordan Clarkson
495,Julius Randle
496,Jabari Parker
497,P.J. Hairston
498,Nerlens Noel
499,K.J. McDaniels
500,JaKarr Sampson
501,Damjan Rudež
502,Shayne Whittington
503,Lucas Nogueira
504,Shabazz Napier
505,James Ennis III
506,Bojan Bogdanović
507,Cory Jefferson
508,Jerome Jordan
509,Marcus Smart
510,James Young
511,Doug McDermott
512,Nikola Mirotić
513,Cameron Bairstow
514,Cleanthony Early
515,Travis Wear
516,Andrew Wiggins
517,Zach LaVine
518,Glenn Robinson III
519,Jordan Adams
520,Jarnell Stokes
521,Spencer Dinwiddie
522,Jusuf Nurkić
523,Rodney Hood
524,Dante Exum
525,Joe Ingles
526,Tyler Ennis
527,Justin Holiday
528,Nik Stauskas
529,Sebastian Telfair
530,Joe Harris
531,Brendan Haywood
532,Alex Kirk
533,Zoran Dragić
534,Andre Dawkins
535,Nick Johnson
536,Clint Capela
537,Russ Smith
538,Noah Vonleh
539,Patric Young
540,Bruno Caboclo
541,Kalin Lucas
542,Will Cherry
543,Erick Green
544,Dwight Powell
545,T.J. Warren
546,Adreian Payne
547,Drew Gordon
548,Gary Harris
549,Markel Brown
550,Jerami Grant
551,Hassan Whiteside
552,C.J. Wilcox
553,Eric Moreland
554,Grant Jerrett
555,Malcolm Lee
556,Ronald Roberts
557,Damien Inglis
558,Johnny O'Bryant
559,Mitch McGary
560,Furkan Aldemir
561,Patrick Christopher
562,Elijah Millsap
563,Langston Galloway
564,Tyler Johnson
565,Dahntay Jones
566,Larry Drew II
567,JaMychal Green
568,James Michael McAdoo
569,Tyrus Thomas
570,Tim Frazier
571,Joffrey Lauvergne
572,David Stockton
573,Henry Walker
574,Earl Barron
575,Jack Cooley
576,Bryce Cotton
577,Jerrelle Benimon
578,Jarell Eddie
579,Jabari Brown
580,Sean Kilpatrick
581,David Wear
582,Lester Hudson
583,Jerel McNeal
584,Sim Bhullar
585,Sasha Kaun
586,Bobby Portis
587,Stanley Johnson
588,Darrun Hilliard
589,Lamar Patterson
590,Kelly Oubre Jr.
591,Mario Hezonja
592,Jahlil Okafor
593,T.J. McConnell
594,Richaun Holmes
595,Christian Wood
596,Jordan Mickey
597,Terry Rozier
598,Rondae Hollis-Jefferson
599,Raul Neto
600,Trey Lyles
601,Tibor Pleiß
602,Joe Young
603,Myles Turner
604,Norman Powell
605,Delon Wright
606,Frank Kaminsky
607,Aaron Harrison
608,Justise Winslow
609,Kristaps Porziņģis
610,Jerian Grant
611,Rashad Vaughn
612,Emmanuel Mudiay
613,Nikola Jokić
614,Montrezl Harrell
615,Sam Dekker
616,Justin Anderson
617,Salah Mejri
618,Devin Booker
619,Sonny Weems
620,Pat Connaughton
621,Luis Montero
622,Willie Cauley-Stein
623,Karl-Anthony Towns
624,Nemanja Bjelica
625,D'Angelo Russell
626,Marcelo Huertas
627,Anthony Brown
628,Edy Tavares
629,R.J. Hunter
630,Cristiano Felício
631,Boban Marjanović
632,Cameron Payne
633,Josh Richardson
634,Larry Nance Jr.
635,Tyus Jones
636,Duje Dukan
637,Cliff Alexander
638,Jarell Martin
639,Jonathon Simmons
640,Josh Huestis
641,Branden Dawson
642,Rakeem Christmas
643,J.J. O'Brien
644,Keith Appling
645,Bryce Dejean-Jones
646,Kevon Looney
647,Jordan McRae
648,Thanasis Antetokounmpo
649,Chris McCullough
650,Alex Stepheson
651,Justin Harper
652,Axel Toupane
653,Andrew Goudelock
654,Alan Williams
655,Coty Clarke
656,Briante Weber
657,Xavier Munford
658,Willy Hernangómez
659,Mindaugas Kuzminskas
660,Ron Baker
661,Joel Bolomboy
662,Jake Layman
663,Dāvis Bertāns
664,Bryn Forbes
665,Nicolás Laprovíttola
666,Patrick McCaw
667,Nicolás Brussino
668,Dorian Finney-Smith
669,Rodney McGruder
670,Michael Gbinije
671,Henry Ellenson
672,Pascal Siakam
673,Jakob Poeltl
674,Fred VanVleet
675,Isaiah Whitehead
676,Jaylen Brown
677,Demetrius Jackson
678,Treveon Graham
679,Malcolm Brogdon
680,Thon Maker
681,Jamal Murray
682,Juancho Hernangómez
683,Malik Beasley
684,Buddy Hield
685,Cheick Diallo
686,Kris Dunn
687,Andrew Harrison
688,Wade Baldwin
689,Deyonta Davis
690,Troy Williams
691,Domantas Sabonis
692,Semaj Christon
693,Álex Abrines
694,Sergio Rodríguez
695,Dario Šarić
696,Joel Embiid
697,Timothé Luwawu-Cabarrot
698,Malachi Richardson
699,Marquese Chriss
700,Tyler Ulis
701,Dragan Bender
702,Bobby Brown
703,Kyle Wiltjer
704,Brandon Ingram
705,Sheldon Mac
706,Tomáš Satoranský
707,Daniel Ochefu
708,Malcolm Delaney
709,Taurean Prince
710,DeAndre' Bembry
711,Denzel Valentine
712,Paul Zipser
713,Diamond Stone
714,Kay Felder
715,Georges Niang
716,Stephen Zimmerman
717,A.J. Hammons
718,Maurice Ndour
719,Dejounte Murray
720,Skal Labissière
721,Ivica Zubac
722,Danuel House Jr.
723,Georgios Papagiannis
724,Yogi Ferrell
725,Tim Quarterman
726,Jonathan Gibson
727,Derrick Jones Jr.
728,Marshall Plumlee
729,Caris LeVert
730,Damian Jones
731,Chinanu Onuaku
732,Pierre Jackson
733,Chasson Randle
734,Okaro White
735,Mike Tobey
736,Marcus Georges-Hunt
737,Brice Johnson
738,Quinn Cook
739,Ben Bentil
740,David Nwaba
741,Shawn Long
742,Wayne Selden
743,Jarrod Uthoff
744,Gary Payton II
745,Alex Poythress
746,Isaiah Taylor
747,Patricio Garino
748,Jayson Tatum
749,Semi Ojeleye
750,Abdel Nader
751,Daniel Theis
752,Cedi Osman
753,Zhou Qi
754,Jordan Bell
755,Dwayne Bacon
756,Malik Monk
757,Luke Kennard
758,Jarrett Allen
759,Damien Wilkins
760,T.J. Leaf
761,Ike Anigbogu
762,Bam Adebayo
763,Matt Williams
764,Jonathan Isaac
765,Ben Simmons
766,Markelle Fultz
767,Sterling Brown
768,D.J. Wilson
769,Jabari Bird
770,Guerschon Yabusele
771,Charles Cooke
772,Jalen Jones
773,Dillon Brooks
774,Ivan Rabb
775,John Collins
776,Josh Magette
777,Tyler Dorsey
778,Dennis Smith Jr.
779,Maxi Kleber
780,Donovan Mitchell
781,Royce O'Neale
782,Brandon Paul
783,Derrick White
784,Caleb Swanigan
785,Zach Collins
786,Josh Jackson
787,Alec Peters
788,Justin Jackson
789,De'Aaron Fox
790,Frank Mason III
791,Lauri Markkanen
792,Ryan Arcidiacono
793,Antonio Blakeney
794,OG Anunoby
795,Alfonzo McKinnie
796,Frank Ntilikina
797,Damyean Dotson
798,Terrance Ferguson
799,Dakari Johnson
800,Miloš Teodosić
801,Sindarius Thornwell
802,Lonzo Ball
803,Kyle Kuzma
804,Alex Caruso
805,Michael Young
806,Wes Iwundu
807,Gian Clavell
808,Josh Hart
809,Khem Birch
810,Ante Žižić
811,Kobi Simmons
812,Mangok Mathiang
813,Marcus Paige
814,Bogdan Bogdanović
815,Tony Bradley
816,Jawun Evans
817,Furkan Korkmaz
818,Matt Costello
819,Jacob Wiley
820,Tyler Cavanaugh
821,Derrick Walton
822,Thomas Bryant
823,C.J. Williams
824,Vince Hunter
825,Daniel Hamilton
826,Jamil Wilson
827,Antonius Cleveland
828,John Holland
829,Jacob Pullen
830,Tyler Lydon
831,London Perrantes
832,Torrey Craig
833,Yakuba Ouattara
834,Malcolm Miller
835,Johnathan Motley
836,Kadeem Allen
837,Monte Morris
838,Jamel Artis
839,Kyle Collinsworth
840,Milton Doyle
841,Naz Mitrou-Long
842,Tyrone Wallace
843,Devin Robinson
844,Davon Reed
845,Reggie Hearn
846,Myke Henry
847,Nigel Hayes
848,Ben Moore
849,James Webb III
850,Josh Gray
851,Emeka Okafor
852,Erik McCree
853,Luke Kornet
854,Isaiah Hicks
855,PJ Dozier
856,Frank Jackson
857,Andrew White
858,Trey McKinney-Jones
859,Walt Lemon Jr.
860,Shaquille Harrison
861,Jaylen Morris
862,Amile Jefferson
863,Justin Patton
864,Xavier Rathan-Mayes
865,Rodney Purvis
866,Jameel Warney
867,Damion Lee
868,Chris Boucher
869,Xavier Silas
870,Omari Johnson
871,Edmond Sumner
872,Andre Ingram
873,Aaron Jackson
874,Landry Shamet
875,Jonah Bolden
876,Shake Milton
877,Brad Wanamaker
878,Hamidou Diallo
879,Deonte Burton
880,Jacob Evans
881,Donte DiVincenzo
882,Miles Bridges
883,Rodions Kurucs
884,Džanan Musa
885,Theo Pinson
886,Bruce Brown
887,Zach Lofton
888,Jaren Jackson Jr.
889,Aaron Holiday
890,Yante Maten
891,Duncan Robinson
892,Mo Bamba
893,Isaiah Briscoe
894,Trae Young
895,Omari Spellman
896,Kevin Huerter
897,Jaylen Adams
898,Allonzo Trier
899,Kevin Knox
900,Mitchell Robinson
901,Collin Sexton
902,Kenrich Williams
903,Gary Clark
904,Isaiah Hartenstein
905,Keita Bates-Diop
906,Josh Okogie
907,Drew Eubanks
908,Chimezie Metu
909,Grayson Allen
910,Marvin Bagley III
911,Harry Giles
912,Wenyen Gabriel
913,Thomas Welsh
914,Shai Gilgeous-Alexander
915,Jerome Robinson
916,Luka Dončić
917,Jalen Brunson
918,Ryan Broekhoff
919,Ray Spalding
920,Deandre Ayton
921,Elie Okobo
922,Mikal Bridges
923,Wendell Carter Jr.
924,Chandler Hutchison
925,Rawle Alkins
926,Troy Brown Jr.
927,Isaac Bonga
928,Svi Mykhailiuk
929,Alize Johnson
930,Jordan Loyd
931,Robert Williams
932,Melvin Frazier
933,Devonte' Graham
934,Daryl Macon
935,Johnathan Williams
936,DeVaughn Akoon-Purcell
937,De'Anthony Melton
938,Yuta Watanabe
939,Anfernee Simons
940,Jevon Carter
941,Moritz Wagner
942,Vince Edwards
943,Gary Trent Jr.
944,Jared Terrell
945,Khyri Thomas
946,Marcus Derrickson
947,Tyler Davis
948,Brandon Goodwin
949,Jaron Blossomgame
950,George King
951,Trevon Duval
952,Keenan Evans
953,Lonnie Walker IV
954,Trevon Bluiett
955,Troy Caupain
956,Donte Grantham
957,J.P. Macura
958,Haywood Highsmith
959,Deng Adel
960,Kostas Antetokounmpo
961,Julian Washburn
962,Mitch Creek
963,Jarred Vanderbilt
964,Brandon Sampson
965,Emanuel Terry
966,Joe Chealey
967,Ángel Delgado
968,Richard Solomon
969,Jordan Sibert
970,Bonzie Colson
971,Chris Chiozza
972,Cameron Reynolds
973,Tahjere McCall
974,B.J. Johnson
975,Dairis Bertāns
976,Zhaire Smith
977,Scott Machado
978,Cody Demps
979,Dusty Hannahs
980,Jemerrio Jones
981,Isaac Humphries
982,Billy Garrett
983,Nicolò Melli
984,Nickeil Alexander-Walker
985,Jaxson Hayes
986,Terence Davis
987,Dewan Hernandez
988,Matt Thomas
989,Zach Norvell
990,Mfiondu Kabengele
991,Terance Mann
992,Coby White
993,Daniel Gafford
994,P.J. Washington
995,Caleb Martin
996,Goga Bitadze
997,Darius Garland
998,Kevin Porter Jr.
999,Tyler Cook
1000,Dean Wade
1001,Jarrett Culver
1002,Kelan Martin
1003,Ja Morant
1004,Marko Guduric
1005,Brandon Clarke
1006,Tyler Herro
1007,Kendrick Nunn
1008,Chris Silva
1009,KZ Okpala
1010,Carsen Edwards
1011,Grant Williams
1012,Vincent Poirier
1013,Matisse Thybulle
1014,Rui Hachimura
1015,Admiral Schofield
1016,Garrison Mathews
1017,Justin Robinson
1018,Isaiah Roby
1019,RJ Barrett
1020,Ignas Brazdeikis
1021,Darius Bazley
1022,Stanton Kidd
1023,Nigel Williams-Goss
1024,Jared Harper
1025,Michael Porter Jr.
1026,Nassir Little
1027,De'Andre Hunter
1028,Cam Reddish
1029,Bruno Fernando
1030,Chris Clemons
1031,Eric Paschall
1032,Jordan Poole
1033,Ky Bowman
1034,Javonte Green
1035,Cody Martin
1036,Jalen McDaniels
1037,Justin James
1038,Jarrell Brantley
1039,Norvel Pelle
1040,Jordan Bone
1041,Tacko Fall
1042,Zylan Cheatham
1043,Cameron Johnson
1044,Talen Horton-Tucker
1045,Romeo Langford
1046,Devon Hall
1047,Vlatko Čančar
1048,Sekou Doumbouya
1049,Brian Bowen
1050,Miye Oni
1051,Nic Claxton
1052,John Konchar
1053,Charlie Brown Jr.
1054,Michael Frazier
1055,Jordan McLaughlin
1056,Jaylen Nowell
1057,Moses Brown
1058,Jaylen Hoard
1059,Oshae Brissett
1060,DaQuan Jeffries
1061,Keldon Johnson
1062,Naz Reid
1063,Max Strus
1064,Justin Wright-Foreman
1065,Juwan Morgan
1066,Kyle Guy
1067,Tremont Waters
1068,Shamorie Ponds
1069,Ty Jerome
1070,Marial Shayok
1071,Luguentz Dort
1072,Devontae Cacok
1073,Anžejs Pasečņiks
1074,Jalen Lecque
1075,Louis King
1076,Alen Smailagić
1077,Kevin Hervey
1078,Rayjon Tucker
1079,Adam Mokoka
1080,Amir Coffey
1081,Josh Reaves
1082,Levi Randolph
1083,Paul Watson
1084,Jeremiah Martin
1085,Matt Mooney
1086,Zion Williamson
1087,William Howard
1088,Vic Law
1089,Gabe Vincent
1090,Marques Bolden
1091,Eric Mika
1092,Tariq Owens
1093,Kyle Alexander
1094,Juan Toscano-Anderson
1095,Jeremy Pargo
1096,Quinndary Weatherspoon
1097,Malik Newman
1098,Donta Hall
1099,Luka Šamanić
1100,Mychal Mulder
1101,Dylan Windler
1102,Sir'Dominic Pointer
1103,Bol Bol
1104,James Wiseman
1105,Reggie Perry
1106,Daniel Oturu
1107,LaMelo Ball
1108,Vernon Carey Jr.
1109,Nick Richards
1110,Isaac Okoro
1111,Lamar Stevens
1112,Obi Toppin
1113,Immanuel Quickley
1114,Cassius Stanley
1115,Precious Achiuwa
1116,Chuma Okeke
1117,Cole Anthony
1118,Karim Mané
1119,Deni Avdija
1120,Anthony Gill
1121,Tyrese Maxey
1122,Isaiah Joe
1123,Dakota Mathias
1124,Kira Lewis Jr.
1125,Naji Marshall
1126,Malachi Flynn
1127,Sam Merrill
1128,Mamadi Diakite
1129,Jordan Nwora
1130,Payton Pritchard
1131,Aaron Nesmith
1132,Nathan Knight
1133,Skylar Mays
1134,Patrick Williams
1135,Devin Vassell
1136,Tre Jones
1137,Desmond Bane
1138,Sean McDermott
1139,Killian Hayes
1140,Saddiq Bey
1141,Saben Lee
1142,Isaiah Stewart
1143,Anthony Edwards
1144,Jaden McDaniels
1145,Tyrese Haliburton
1146,Jahmi'us Ramsey
1147,Robert Woodard II
1148,Facundo Campazzo
1149,R.J. Hampton
1150,Markus Howard
1151,Zeke Nnaji
1152,Udoka Azubuike
1153,Elijah Hughes
1154,CJ Elleby
1155,Keljin Blevins
1156,Josh Green
1157,Tyrell Terry
1158,Jalen Smith
1159,Ty-Shon Alexander
1160,Xavier Tillman Sr.
1161,Théo Maledon
1162,Aleksej Pokusevski
1163,Josh Hall
1164,Deividas Sirvydis
1165,Jae'Sean Tate
1166,Brodric Thomas
1167,Mason Jones
1168,Jontay Porter
1169,Devon Dotson
1170,Paul Reed
1171,Will Magnay
1172,Nate Hinton
1173,Kenyon Martin Jr.
1174,Nico Mannion
1175,Trent Forrest
1176,Jalen Harris
1177,Tyler Bey
1178,Cassius Winston
1179,Onyeka Okongwu
1180,Killian Tillie
1181,Ashton Hagans
1182,Greg Whittington
1183,Nate Darling
1184,Anthony Lamb
1185,Grant Riller
1186,Devin Cannady
1187,Armoni Brooks
1188,Malik Fitts
1189,Freddie Gillespie
1190,Robert Franks
1191,Amida Brimah
1192,Didi Louzada
1193,Gabriel Deck
1194,Jay Scrubb
1195,Cameron Oliver
1196,Elijah Bryant
1197,Cam Thomas
1198,David Duke Jr.
1199,Kessler Edwards
1200,Sandro Mamukelashvili
1201,Georgios Kalaitzakis
1202,Moses Moody
1203,Austin Reaves
1204,Chris Duarte
1205,Isaiah Jackson
1206,Duane Washington Jr.
1207,James Bouknight
1208,Kai Jones
1209,Arnoldas Kulboka
1210,JT Thor
1211,Ayo Dosunmu
1212,Marko Simonovic
1213,Luka Garza
1214,Jamorko Pickett
1215,Sam Hauser
1216,Jericho Sims
1217,Quentin Grimes
1218,Miles McBride
1219,Corey Kispert
1220,Isaiah Todd
1221,Scottie Barnes
1222,Dalano Banton
1223,Justin Champagnie
1224,David Johnson
1225,Evan Mobley
1226,RJ Nembhard Jr.
1227,Kevin Pangos
1228,Ziaire Williams
1229,Santi Aldama
1230,Jalen Green
1231,Alperen Şengün
1232,Josh Christopher
1233,Usman Garuba
1234,Leandro Bolmaro
1235,McKinley Wright IV
1236,Charles Bassey
1237,Aaron Henry
1238,Jaden Springer
1239,Trey Murphy III
1240,Herbert Jones
1241,Jose Alvarado
1242,Franz Wagner
1243,Jalen Suggs
1244,Joshua Primo
1245,Jock Landale
1246,Josh Giddey
1247,Tre Mann
1248,Jeremiah Robinson-Earl
1249,Vit Krejci
1250,Jared Butler
1251,Davion Mitchell
1252,Greg Brown III
1253,Petr Cornelie
1254,Bones Hyland
1255,Jalen Johnson
1256,Sharife Cooper
1257,Omer Yurtseven
1258,Marcus Garrett
1259,Brandon Boston Jr.
1260,Jeff Dowtin
1261,DeJon Jarreau
1262,Joel Ayayi
1263,Day'Ron Sharpe
1264,Aaron Wiggins
1265,Daulton Hommes
1266,JaQuori McLaughlin
1267,Eugene Omoruyi
1268,Keon Johnson
1269,Cade Cunningham
1270,Jonathan Kuminga
1271,Joe Wieskamp
1272,Ish Wainright
1273,Jay Huff
1274,Yves Pons
1275,Trendon Watford
1276,Jason Preston
1277,Daishen Nix
1278,Javonte Smart
1279,Neemias Queta
1280,Chaundee Brown Jr.
1281,Scottie Lewis
1282,Isaiah Livers
1283,Hassani Gravett
1284,Aleem Ford
1285,Trevelin Queen
1286,Tyler Hall
1287,Myles Powell
1288,Malcolm Hill
1289,Tre Scott
1290,Moses Wright
1291,Ade Murkey
1292,Terry Taylor
1293,Jordan Schakel
1294,Javin DeLaurier
1295,Carlik Jones
1296,Cat Barber
1297,Malik Ellison
1298,Shaq Buchanan
1299,Mac McClung
1300,Xavier Sneed
1301,Cameron McGriff
1302,Brandon Williams
1303,Jarron Cumberland
1304,Xavier Moon
1305,Craig Sword
1306,Jordan Goodwin
1307,Olivier Sarr
1308,Rob Edwards
1309,Trayvon Palmer
1310,Micah Potter
1311,Keifer Sykes
1312,Justin Tillman
1313,Jaime Echenique
1314,M.J. Walker
1315,Paris Bass
1316,Aric Holman
1317,Jaysean Paige
1318,Ahmad Caver
1319,Jon Teske
1320,Braxton Key
1321,Feron Hunt
1322,Lindell Wigginton
1323,Lindy Waters III
1324,Matt Ryan
1325,Gabriel Lundberg
1326,Zavier Simpson
1327,Gabe York
1328,D.J. Stewart Jr.
1329,JD Davison
1330,Max Christie
1331,Scotty Pippen Jr.
1332,Cole Swider
1333,Ryan Rollins
1334,Patrick Baldwin Jr.
1335,Paolo Banchero
1336,Caleb Houstan
1337,Kevon Harris
1338,Jaden Ivey
1339,Jalen Duren
1340,Buddy Boeheim
1341,Johnny Davis
1342,Bennedict Mathurin
1343,Kendall Brown
1344,Andrew Nembhard
1345,Jabari Smith Jr.
1346,Tari Eason
1347,Trevor Hudgins
1348,AJ Griffin
1349,Tyrese Martin
1350,Dyson Daniels
1351,Dereon Seabron
1352,Alondes Williams
1353,David Roddy
1354,Jake LaRavia
1355,Kennedy Chandler
1356,Kenneth Lofton Jr.
1357,Vince Williams Jr.
1358,Dalen Terry
1359,Nikola Jović
1360,Dru Smith
1361,Isaiah Mobley
1362,Christian Koloko
1363,Ron Harper Jr.
1364,Ousmane Dieng
1365,Jalen Williams
1366,Jaylin Williams
1367,Josh Minott
1368,Wendell Moore Jr.
1369,Mark Williams
1370,Bryce McGowens
1371,Jeremy Sochan
1372,Malaki Branham
1373,Blake Wesley
1374,Christian Braun
1375,Peyton Watson
1376,Walker Kessler
1377,Ochai Agbaji
1378,Simone Fontecchio
1379,Jaden Hardy
1380,Shaedon Sharpe
1381,Jabari Walker
1382,Chima Moneke
1383,MarJon Beauchamp
1384,A.J. Green
1385,Trevor Keels
1386,Johnny Juzang
1387,Jack White
1388,Jordan Hall
1389,Moussa Diabaté
1390,Keegan Murray
1391,Jamal Cain
1392,Dominick Barlow
1393,John Butler
1394,TyTy Washington Jr.
1395,A.J. Lawson
1396,Orlando Robinson
1397,Keon Ellis
1398,Julian Champagnie
1399,Michael Foster Jr.
1400,Darius Days
1401,Ibou Badji
1402,Jared Rhoden
1403,E.J. Liddell
1404,Donovan Williams
1405,Jamaree Bouyea
1406,Stanley Umude
1407,Quenton Jackson
1408,Lester Quinones
1409,Xavier Cooks
1410,Jeenathan Williams
1411,Justin Minaya
1412,RaiQuan Gray
1413,Jacob Gilyard
1414,Chance Comanche
